"sys_loadingid","sys_cdc","sys_checksum","produktid","katid","bezeichnung","umfang","typ","preis","pflanzort","pflanzabstand"
1,I,0xade82c5307e73a16674c1c51b09c93261db27a060b7d7b147382067e90fbaa9a,106,KScBASILIKUM ,"Basilikum, Strauchbasilikum großblättrig","6",3,7.00,Freiland / Gewächshaus,"25 x 25 cm"
1,I,0x062de2cbaf7a69e1a39699793878d52ff662f042cdde2a3ed82c49504bb5b987,120,PMiKNOLLIGER ,Knolliger Sauerklee „Oca“,"10",1,8.00,Freiland,"40 x 40 cm"
1,I,0x2b6524659c88f17b9ef22b470976bb5e86361ea8099d95c09f90d2a223c4750f,119,PMiKNOBLAUCH ,"Knoblauch „Morado""","200 g",2,2.00,Freiland,"30 x 15 cm"
1,I,0xc5e94d192b333d3145fcf36a3fec3db8fc2a8b6bbfb1d041991b03b54cd17b2b,101,GStZUCCHINI ,Zucchini „Cocozelle von Tripolis“,"2",2,2.00,Freiland,"00 x 80 cm"
1,I,0xe8da095a939e131fab3151e46ca985c333bce4442130f1e01023dcf10d2dc52c,20,GMiCHILI ,"Chili, Jalapeno „Ruben“","6",2,8.00,Freiland,"70 x 50 cm"
1,I,0x22d0a6b232bae33e2e2865161ba5a035776b24401b132f41781834fc23553d82,82,GStTOMATE ,"Tomate, Cocktailtomate „Vesennij Mieurinskij“","3",2,5.00,Gewächshaus,"3-4 Pfl / qm"
1,I,0xaff664b817cbb80983cb768d159d86b7d71865c18ff56b625ec34d3537744c2c,25,GScERBSE ,"Erbse, Kapuzinererbse „Blauwschokker“","2x 4m",1,7.00,Freiland,"35 x 3 cm"
1,I,0xae5a6fb416b31755c6f3d5ddb3b7a24171d58c47263cc561c4d15b9843b30670,26,GMiFENCHEL ,"Fenchel, Knollenfenchel „Perfektion""","3x 12",1,4.00,Freiland,"40 x 20 cm"
1,I,0x93a131165ce08e6e96b22b03417939365a0e178a503478b904b1d26613cb1beb,27,GStGRÜNKOHL ,Grünkohl „Halbhoher Grüner Krauser“,"3",2,2.00,Freiland,"50 x 50 cm"
1,I,0x74d098798627a49f93d1c34898fb246db119801feb30518c224eee38263efc9f,93,GStTOMATE ,"Tomate, Cocktailtomate „Celsior“","2",2,2.30,Freiland,"80 x 80 cm"
1,I,0x1bc84b670c165221e1db16aa0c9b2d5a1a3ce79d2fce0e266e04f1092437e11b,11,GScBOHNE ,"Bohne, Buschbohne „Purple Teepee“","24",2,8.00,Freiland,"40 x 30 cm"
1,I,0x5e59508fe45eb3c28a0150d9133a19f17f87befeb0700bb3298628a6be6dd9b2,39,GStLAUCH ,"Lauch, Sommerporree „Hilari“","15",1,0.80,Freiland,"30 x 15 cm"
1,I,0x2748435b91dbd41f92439c394e16cb4c0a475ca580607a9b492eebcf0869f2fa,17,GScBOHNE ,"Bohne, Puffbohne „Rotsamige“","4m",2,3.50,Freiland,"50 x 10 cm"
1,I,0x299f3f5a26d117e91161b81f9d3693f4b76fb51ce391e193c423563a0ff9ee76,66,GMiSALAT ,"Salat, Römersalat „Teufelsohren“","10",2,3.00,Freiland,"30 x 30 cm"
1,I,0xda6f68248d2051c00f63d35d2f48eaea33bf342a6c3456e1ae318d1ac2707352,89,GStTOMATE ,"Tomate, Fleischtomate „Berner Rose“","1",2,0.80,Gewächshaus,"3-4 Pfl / qm"
1,I,0x57d301e9c7504b1d54c03f57baa318559847c0bf52e0d9b1d10bde42ce86244a,33,GStKÜRBIS ,Kürbis „Futsu Black“ Moschata-Kürbis,"1",2,0.80,Freiland,"0 x 100 cm"
1,I,0x92a7a16d8694f931d8613453e78f3c78e09c58920f1252d1d1f8c18312b873f5,109,KScDILL ,"Dill ""Tetra""","2x 10",3,3.00,Freiland,"30 x 10 cm"
1,I,0x6400a36a1e021fdbbff75a2d96aa69f9420b7f8f97bccfd85738040ae97e3dd0,57,GScRADIESCHEN ,"Radieschen ""Flamboyant 2“","3x 2m",1,8.00,Freiland,"20 x 3 cm"
1,I,0x11637508cf76b285794ac7c34c56fd0e8fe279bf68d7159de03624e94fe44d1d,31,GStGURKE ,"Gurke, Salatgurke „Persika“","3",2,2.00,Freiland,"00 x 30 cm"
1,I,0x4d04fa0a6703b9b56b571bb222537c1a05db2758cbcd689a62bf63f69e857b35,34,GStKÜRBIS ,Kürbis „Red Kuri“ Roter Hokkaido ,"1",2,0.75,Freiland,"0 x 100 cm"
1,I,0x940173e65bef6f2a9247d3651e8ce04c63a99c9fc384d3398b8d445f1c772333,12,GScBOHNE ,"Bohne, Buschbohne „Zucker Perl Perfektion“","12",2,4.00,Freiland,"50 x 40 cm"
1,I,0xb02d7e8138ecf648f2d0cd2710a99b535431d95464e6c665d6b982576b5ae9ed,10,GStBLUMENKOHL ,Blumenkohl „Erfurter Zwerg“,"3x 6",2,0.50,Freiland,"50 x 40 cm"
1,I,0xfc19e0ff4503d32315fc3c8c868b92d605d5fe679010ac6f05fb2234719cdedc,18,GScBOHNE ,"Bohne, Winterpuffbohne „Priamus""","4m",2,6.00,Freiland,"50 x 10 cm"
1,I,0x0a9d4acbcf21b97feeab39e238041d267f5f963a39b34c3d4693c05bd135f624,98,GStTOMATE ,"Tomate, Cocktailtomate „Sibirisches Birnchen“","2",2,4.50,Freiland,"80 x 80 cm"
1,I,0xff5b61af96cd78c46475ac18f80ea345a596e61882b0b5f640de9d164033b7ab,64,GMiSALAT ,"Salat, Eissalat „ Rossia“","2x 6",1,4.50,Freiland,"30 x 30 cm"
1,I,0xa9f64ebea046c76782c5d5c6e2262f3de78e04e5799fd391ca07029859873f07,104,KScBASILIKUM ,"Basilikum, Thai-Basilikum","6",3,5.00,Freiland / Gewächshaus,"25 x 25 cm"
1,I,0x3787cb17a5b33d11b0a98a28ae78245c598b72943863a23e4db3c91a7c3fa195,102,GStZUCCHINI ,Zucchini „Costates Romanesco“,"2",2,4.00,Freiland,"00 x 80 cm"
1,I,0x550ae427d797f6300d8bfa96203417314941ad8b5130d0e537a125454e3686f1,71,GScSALAT ,"Salat, Postelein","2m",1,4.00,Gewächshaus,"10 x 2 cm"
1,I,0x061e2449d2d780d409930abd72568197fbe8869713c73f3422682681b72df127,2,GStANDENBEERE ,Andenbeere „Schönbrunner Gold“,"10",2,4.00,Freiland,"60 x 60 cm"
1,I,0xdd6a65d814da9277ee1f785944e2c946fc5b439ab057036d6cc5c83c4bd4bf3c,72,GScSALAT ,"Salat, Wilde Rauke","2m",1,2.00,Freiland,"20 x 2 cm"
1,I,0xb79cb7c7c0a9a08822bd248dd16ccdbf719ae1cadf374f9e19645b7ed61be549,47,GStMELONE ,"Melone, Honigmelone „Petit gris de Rennes“","2",3,9.00,Freiland,"100x 50 cm"
1,I,0x1531365a8cba1890da0668520f9d46d9bf82610ec47b9c4cc9606e7820796d9a,46,GStMELONE ,"Melone, Honigmelone „Ananas“","2",3,8.00,Freiland,"80 x 80 cm"
1,I,0x68beb62e2f1f544c4a052a0b4e347b0cc1fd87d13a04c2d3a1c1734d531dd259,83,GStTOMATE ,"Tomate, Cocktailtomate „Kleine Gelbe aus Estland“","1",2,0.80,Gewächshaus,"3-4 Pfl / qm"
1,I,0x7d0f84dbe6b1de43a7933ebcb43d68a2f95d1fe1f0dfa28b5ce6b63394edb432,15,GScBOHNE ,"Bohne, Buschbohne, Trockenbohne ""Canadian Wonder""","15",2,4.50,Freiland,"40 x 60 cm"
1,I,0x796a996a2b76311fdb426f4674f89866624dd162e1417aa559afc35669f09ef4,125,PMiZWIEBEL ,"Zwiebel, Steckzwiebel ""Red Baron“","250g",1,7.00,Freiland,"30 x 10 cm"
1,I,0x4209c9e53e4ca0575587dc33fa4791b0473649cc2b22573a1f912b5abf9db85f,77,GStSELLERIE ,"Sellerie, Stangensellerie ""Roter Stiel“","1m",1,2.00,Freiland,"35 x 30 cm"
1,I,0x730e7c11efc37be801e649d632822c7939c14c1566ec8c94d09c7ec07550343e,73,GScSALAT ,"Salat, Salatrauke","2m",1,3.00,Freiland,"25 x 2 cm"
1,I,0xc596ded428ede61b701df509db8c964e9b04411dbe475b7e4a230095754233f2,56,GMiPFEFFERONI ,"Pfefferoni „Taeyang medium"" ","4",2,7.00,Freiland,"50 x 40 cm"
1,I,0xa14bab695ceb37436a9377d6d28275629b759b817032e0a1f636626326776191,40,GStLAUCH ,"Lauch , Herbstporree „Elefant“","10",1,1.00,Freiland,"30 x 10 cm"
1,I,0xafff39c31babe97894cc9a8c7ff5a309404dbf0392a724c8d05c5bfb7751007f,123,PStSÜßKARTOFFEL ,"Süßkartoffel „Beauregard""","4",1,3.00,Freiland,"40 x 30 cm"
1,I,0x019b1ca61a725dfd2060fc1dac0e1b895d30eaacebfbfd42e9674446bb749844,13,GScBOHNE ,"Bohne, Buschbohne „Auskernbohne schwarz“","15",2,4.50,Freiland,"50 x 40 cm"
1,I,0xe0c9f4fa87ce1723a4d642c7b44c9d18e0eed58168524c4f7d0016193de123df,91,GStTOMATE ,"Tomate, Salattomate „Friesje“","2",2,1.20,Gewächshaus,"3-4 Pfl / qm"
1,I,0xd1e6323fd117ccb6a08ce24918b66b4b22615ffda0ddbb3e3b1588bb92f76c7b,21,GMiCHILI ,Chili „Vietnam - Landsorte“,"6",2,4.00,Freiland,"30 x 25 cm"
1,I,0x51e002ea49a67c41040a47af76d6ef349cf2eee09f2b48985058e2a905eb618a,5,GStAUBERGINE ,Aubergine „Blanche ronde à œuf (Eierfrucht)“,"2",2,5.00,Gewächshaus / Container,"50 x 50 cm"
1,I,0x210d9d45adfa71a6d63156f9998c717adc71e940ba47eed5184c7786751e0e3f,112,KScLAUCH-HELLERKRAUT,Lauch-Hellerkraut,"3",3,4.00,Freiland,"15 x 5 cm"
1,I,0xd23ac801549c90fb7af484cd63d32e260e1be58bd4ec467e6894b731e3381795,96,GStTOMATE ,"Tomate, Wildtomate „Golden Currant“","1",2,8.00,Freiland,"0 x 100 cm"
1,I,0x560f76d219dc7c79101fd674f3e5bd60ec70b8063017ea025239403911cf7c50,107,KScBASILIKUM ,"Basilikum, Strauchbasilikum rotblättrig","6",3,8.00,Freiland / Gewächshaus,"25 x 25 cm"
1,I,0x857038d300269601ddbdad2f21e9909a558731d61357cc982d2ef6d2e9bdd35c,108,KScBRUNNENKRESSE,Brunnenkresse,"6",1,8.00,Freiland / Container,"30 x 10 cm"
1,I,0xd3b44d524b261f1b8a810dd32c688cd1963d3e6c84c55ea2ab218c23814165d6,19,GStBROKKOLI ,Brokkoli „Ramoso calabrese“,"8",2,2.00,Freiland,"50 x 40 cm"
1,I,0x64b0814bfe9d9ef1ade74f9bb2986909206bc7c579c6019c07f4e5c8dc0adace,65,GMiSALAT ,"Salat, Schnittsalat „Red Velvet“","6",2,4.50,Freiland,"30 x 30 cm"
1,I,0x85bbf3cfc839ec421bdeed2e1ba8de89f05e6cea7d81d3af93e37cdf1c112d38,52,GMiPAPRIKA ,Paprika „Runde Ungarische“,"4",2,4.00,Freiland,"60 x 60 cm"
1,I,0x82e6f9df9037cf0ba8ae0c6ff94716948dbc781db57251312733a70089e60308,37,GStKÜRBIS ,Kürbis „Jack be little“,"1",2,0.50,Freiland,"0 x 100 cm"
1,I,0xcc0564b70e9e28ae506de8651e041ca0b7d8729e7f879fbde15a262562597b32,85,GStTOMATE ,"Tomate, Fleischtomate „Marmande“","3",2,1.00,Gewächshaus,"3-4 Pfl / qm"
1,I,0xd2edb5f29268c4e64df1c90967faa5e0eee291eb76bd325f3d87616095340762,32,GMiKOHLRABI ,Kohlrabi „Azur-Star“,"5x 6",2,5.00,Freiland,"30 x 25 cm"
1,I,0x75b55e6aabec467d15b0b2abd7da6411e7321ab9100b485578e73f06d4089fd1,78,GMiSPINAT ,Spinat „Butterfly“,Einstreuer,1,2.00,Freiland,"20 x 5 cm"
1,I,0x185f76321d91ae03b5e90d98d1cf48948d9320e279152edce06bdd84561dc0d2,100,GStWIRSING ,Wirsing „Violaceo di Verona“,"6",2,5.60,Freiland,"50 x 40 cm"
1,I,0xe351decc532952621b356a3364dbe46a2fcaa990d1d37469b995c62d92b03807,113,KMiPETERSILIE ,Petersilie ‚Einfacher Schnitt‘,"8",3,4.50,Freiland,"25 x 5 cm"
1,I,0x2c5ac0aa5efec328beff845543e2e1aed856a9c76210314202e910ee09b14402,24,GScERBSE ,"Erbse, Zuckererbse „Weggiser“","4m",1,3.00,Freiland,"35 x 4 cm"
1,I,0x3f3504fab288e5c28a5aba53e339f50ce43e59e195acb9e4fbe10a1a8f3e1366,55,GMiPASTINAKE ,Pastinake „Tender and True“,"2x 2m",1,5.00,Freiland,"30 x 8 cm"
1,I,0x153de7abbfe9003befece7ac3198d3cf6a6f093ebcfa79968ba4927cef40836d,68,GMiSALAT ,"Salat, Asiasalatmischung „Oriental Mix“","1m",1,6.00,Freiland / Gewächshaus,"15 x 3 cm"
1,I,0x59225284caf4063e8189ab699f8f809e1f900f8c88e3e2761a429d2bcb952132,38,GStKÜRBIS ,Kürbis „Moschus Napolitaner“,"1",2,0.50,Freiland,"0 x 100 cm"
1,I,0x23f3b755800e136fd2f41b0165a404be2d50e740460f2cb87aa077fd135ef412,8,GMiBETE,"Bete, Rote Bete „Tonda di Chioggia“","2m",2,8.00,Freiland,"30 x 8 cm"
1,I,0x3188587f88a416129116001cf16b4998a45a48d5775e4f4e75f0f890a1d05a0f,80,GMiSCHWARZWURZEL ,Schwarzwurzel „Hoffmanns schwarze Pfahl“,"4m",1,4.00,Freiland,"30 x 5 cm"
1,I,0x783805c36287743b6740a137daa3f3b42e155cc0a98c5ad437b551e7ae171133,110,KScKORIANDER,Koriander,"3x 8",3,0.50,Freiland,"30 x 10 cm"
1,I,0xf33aee6d6518c8ec14b4d52a4525dcfdb64705c32f55a5c8720fecc499db6b3e,99,GStWEIßKOHL ,Weißkohl „Ruhm von Enkhuizen 2“,"10",2,3.80,Freiland,"50 x 50 cm"
1,I,0x37f66c795362896c6f67bfd671d49bacdad1dcf198cd1c201584443036fc3efb,48,GMiMÖHRE ,"Möhre „Milan""","2x 4m",1,4.50,Freiland,"35 x 3 cm"
1,I,0x7c2cc6a8c9d09c74832ec0b878cafaf592c35d38e2be5f4e71813cb4cd160dc3,28,GStGRÜNKOHL ,"Grünkohl ""Hoher roter Krauser“","3",2,2.00,Freiland,"50 x 50 cm"
1,I,0x4b8fdf425e2afd62a02aaf5e064cd2397f82df0a6fe9d0defc6257e4457047b0,94,GStTOMATE ,"Tomate, Wildtomate „Schmucktomate“","1",2,4.00,Freiland,"80 x 80 cm"
1,I,0x9a894aeb346d526785e2494e4b8a5cc0ec16c6e0da8209cb121d4ad190a89b2f,30,GStGURKE ,"Gurke, Salatgurke „Bono“","3",2,4.00,Freiland,"00 x 30 cm"
1,I,0x27bf320d17f037d90929b83d5e1b8b36fbfed729b76cee51153f40435c3a5471,95,GStTOMATE ,"Tomate, Wildtomate „Rote Murmel“","1",2,2.00,Freiland,"0 x 100 cm"
1,I,0x8206d9d69a569ebf3920f5b2558c6a0fc3083649f673c6ae63103722e5d5aaba,122,PStSÜßKARTOFFEL ,"Süßkartoffel ""Erato® Orange“","4",1,2.00,Freiland,"40 x 30 cm"
1,I,0x9defee3de5c3c00ca2f18a20870c46c55a577b1e28cff096885b469d4ee4f7c5,62,GStROTKOHL ,Rotkohl „Langedijker Lager 2“,"10",2,4.00,Freiland,"40 x 50 cm"
1,I,0xd1a68aff011dc6e38ea2c05b3b73932ca1476a46a89218ef433fd9c86bfd5e36,117,PStKARTOFFEL ,"Kartoffel, Arran Victory (sehr spät, mehlig)","1 kg",1,3.50,Kartoffelbeet,"35 x 70 cm"
1,I,0x5181e39fff3d887ecca5a6521f0a784af86115a27bc5b4df7eec27cbf5e30bbd,97,GStTOMATE ,"Tomate, Cocktailtomate „Yellow Submarine“","2",2,9.00,Freiland,"00 x 50 cm"
1,I,0x39e1446f6391174f73a94fb49e412f7679f8c745e4302601a0570aa6fb3d3973,114,PStKARTOFFEL ,"Kartoffel, Anuschka (sehr früh, festkochend)","2,5 kg",1,4.50,Kartoffelbeet,"30 x 60 cm"
1,I,0xea205a7e77f6a8de770208d87d87586f19f90a1fff2ccbf83c242931bc8eb9a2,126,PMiZWIEBEL ,"Zwiebel, Steckzwiebel ""Sturon""","1kg",1,4.00,Freiland,"30 x 10 cm"
1,I,0x78e0b11439aa0184f0849763719f445c3638aaa2bf7e687cd42e5592a142ee67,67,GMiSALAT ,"Salat, Radicchio „Palla Rossa“","10",2,3.50,Freiland / Gewächshaus,"30 x 30 cm"
1,I,0xa9064ea79224f413b170411a14cf460a2a7a2589c85573cfc61aba7f4464e672,50,GMiMÖHRE ,Möhre „Bunte Mischung“,"4m",1,5.60,Freiland,"30 x 8 cm"
1,I,0xd7701f575113e1be70f133f9aab8a6cfe6430db258e28fceb08692b6ece0b7a5,51,GStPALMKOHL ,Palmkohl „Negro Romano“,"5",2,2.00,Freiland,"50 x 50 cm"
1,I,0x36d48804f25ebbd3f0cb3d05a567c5ac012d996c4ac4c456e8ff64df2dc8bf38,76,GStSELLERIE ,"Sellerie, Stangensellerie ""Tall Utah“","1m",1,4.00,Freiland,"40 x 40 cm"
1,I,0x356aa104a2cec5ffebb065f1bfa8d4fd62c30ee91fbd30f2ec46782fed3b5876,69,GScSALAT ,"Salat, Feldsalat „Kölner Palm“","2m",1,2.00,Freiland,"15 x 2 cm"
1,I,0xe397324eb63db9a282862fc5b2827d1af1845d343c774a4947ea23f763f15009,81,GStTOMATE ,"Tomate, Cocktailtomate „Black Cherry“","3",2,2.00,Gewächshaus,"3-4 Pfl / qm"
1,I,0x5d68604a57c85e1ee6877a9fa06ff520ea352ef00ade38fc026827814296dfa3,79,GMiSPINAT ,Spinat „Matador“,Einstreuer,1,1.50,Freiland,"30 x 3 cm"
1,I,0x25c4e51378067165769b99d7a80aeb61d37de388d3c96e7fc1f2c3edb4165db0,42,GMiLAUCHZWIEBEL ,"Lauchzwiebel „Ischikrona""","2m",1,2.40,Freiland,"5 x 2,5 cm"
1,I,0x93908c4a635fbc64569922eee59ba06e0816e7886ecda2a346a781422056a40f,90,GStTOMATE ,"Tomate, Fleischtomate „Paprikaförmige“","5",2,1.00,Freiland / Gewächshaus,"80 x 80 cm"
1,I,0x405ab2dcc89ef39c6b0a2c974f221c931e4d7611922feec5f4802ff925e35f2a,59,GMiRETTICH ,"Rettich „Daikon""","10",2,3.00,Freiland,"40 x 10 cm"
1,I,0xf968b42659b406f9e97f75acc431e9a30cb314a9a960003a676dfc4d4d9ac3b2,116,PStKARTOFFEL ,"Kartoffel, Setanta (mittelfrüh, mehlig)","2 kg",1,3.00,Kartoffelbeet,"35 x 70 cm"
1,I,0x9bec6ae39ddb228770415660e7638203eb9dda92cbd2156e2bccd334ad0d5589,84,GStTOMATE ,"Tomate, Fleischtomate „Schwarze Russische“","3",2,0.75,Gewächshaus,"3-4 Pfl / qm"
1,I,0x8599695aaef4ffcee4dcc8ac31a237010a5911d6cdf17c1970388790c6df8a90,74,GStSELLERIE ,"Sellerie, Knollensellerie ""Ibis""","6",2,3.00,Freiland,"40 x 40 cm"
1,I,0x4fe6ab675e806dd1c85babf9d4d6e0fe9663bff52bd69a19c754ce2a71bac5b5,6,GMiBETE ,"Bete, Rote Bete „Robuschka""","2x 2m",3,7.00,Freiland,"30 x 8 cm"
1,I,0xbc15e79c3b027c8c0a5c0c9f45dff3298c883a37733e51a990ca453ccbcdf542,29,GStGURKE ,"Gurke, Einlegegurke „Vorgebirgstrauben“","4",2,1.50,Freiland,"00 x 30 cm"
1,I,0xacf78d7ead4ca9a1e456ce5fd263b19605a265cf2b2fa36c046c6e73da6902d9,41,GStLAUCH ,"Lauch, Winterporree „Freezo“","20",1,1.20,Freiland,"30 x 10 cm"
1,I,0xa893b216e80da75a48904545fbfdeaac7bdb2d012e30433aa711e8fe2602625d,16,GScBOHNE ,"Bohne, Puffbohne „Karmesin“","4m",2,3.00,Freiland,"50 x 10 cm"
1,I,0x980a2c966c8f82a78b3ec67f5b0c584a69ae5c3dd3215b8eefc0e9f185c1d8d6,54,GMiPAPRIKA ,Paprika „Pusztagold“,"4",2,5.00,Freiland,"40 x 50 cm"
1,I,0x78fdb71e357c3e0fb349fe82a244de0026a85f1be37d7f4a16a4b8b84a533320,103,GStZUCKERMAIS ,Zuckermais „Golden Bantam“,"20",1,5.00,Freiland,"50 x 20 cm"
1,I,0x2edf0b4ff5780cd87b8d6dcabf52643bb9f2c6e09ece6128036801bf727d7ba7,115,PStKARTOFFEL ,"Kartoffel, Ditta (mittelfrüh, festkochend)","2,5 kg",1,4.50,Kartoffelbeet,"35 x 70 cm"
1,I,0x9eb9fee044cc9e7d31bc0d37185089b5b02f271ac278267d92c93502ef82de09,36,GStKÜRBIS ,Kürbis „Thelma Sanders Sweet Potato“,"1",2,0.50,Freiland,"0 x 100 cm"
1,I,0xbfa79d31ff4bd2d6bdcb666d225d40cfb4f9fcaa67d5a2086f2a230884476c23,4,GStAUBERGINE ,Aubergine „Violetta di Firenze“,"2",2,5.00,Gewächshaus / Container,"50 x 50 cm"
1,I,0x8597db90f4212fe26ee07d61d5f19a4c95373f23c2fde38dee3450685a0c0459,53,GMiPAPRIKA ,Paprika „Sweet Banana“,"4",2,5.00,Freiland,"50 x 40 cm"
1,I,0x11bb16f8aede44a7397f3490df01c1504dcf8a2b0f58272e4bef320838ff8f22,92,GStTOMATE ,"Tomate, Salattomate „Anamar“","2",2,2.40,Freiland,"80 x 80 cm"
1,I,0x93959aa22f487e681f723cab53e9ea130cada0730fb17e67aac39a22b14d2cf5,23,GScERBSE ,"Erbse, Markerbse „Lancet“","4m",1,3.00,Freiland,"20 x 4 cm"
1,I,0x5c7c87294094aee87ac819220096677f8b70e925f7a71103147b4eeb8686f00f,44,GScMAIRÜBE ,"Mairübe ""Blanc globe à collet violet""","10",2,4.00,Freiland,"20 x 5 cm"
1,I,0x75f79ef3b95b29dd350beca80be19ccf3b727a3e12fee241f4c6b4ad212d1248,58,GScRADIESCHEN ,Radieschen „De dix-huit-jours (18 Tage)“,"3x 2m",1,8.00,Freiland,"20 x 3 cm"
1,I,0xbd679bc1d45a5c7d82d5c52fb82c27ea40d59592ef49b87617c829b07c3566be,1,GMiAMARANTH ,"Amaranth „Mischung""",Einstreuer,1,2.00,Freiland,"50 x 20 cm"
1,I,0xd4681995ab7b725775fc2ce9b2db445f0bbfdebb20e7503dcd1a47d560b513d3,111,KScKNOBLAUCHSRAUKE,Knoblauchsrauke,"3",3,8.00,Freiland,"20 x 5 cm"
1,I,0x4b038ef7b505e9fc738c7c2df8108c1755a949e5e1bbe54bb53e4b71621fb092,86,GStTOMATE ,"Tomate, Fleischtomate „Riesentomate Ananas“","3",2,0.50,Gewächshaus,"3-4 Pfl / qm"
1,I,0x0f91afbf2ab6f53f961b89a9c20d51a4f4d8c86205a4bd61e397b32622f4d24f,49,GMiMÖHRE ,Möhre „Colorada“,"2x 2m",1,3.80,Freiland,"30 x 5 cm"
1,I,0xe069aa101e8689f6ad832a15fca249ef210129d6693bb1d5ab47b126c996b968,22,GStCHINAKOHL ,Chinakohl „Granaat“,"12",2,2.00,Freiland,"35 x 25 cm"
1,I,0x220c9b4b480e5950e85420469c3920c9710fb3dced3304dc5a2db89f3433cee6,70,GScSALAT ,"Salat, Feldsalat „Elan“","2m",1,8.00,Gewächshaus,"15 x 1 cm"
1,I,0xf9352136b134201a13637da41274d4e6066d6420da508e7ab9b4a77cc9ef535d,45,GMiMANGOLD ,Mangold „Bright Lights“,"1m",1,2.00,Freiland,"50 x 20 cm"
1,I,0x02347b4315a0904a8f2dd4d20df11cf3b1c2f831009a9bbf2fe41105308b48aa,60,GStROSENKOHL ,Rosenkohl „Rubine“,"4",2,0.50,Freiland,"50 x 50 cm"
1,I,0xd21c7d5223a0a854323ac776505a77324362385e5ecd3f0c7ff41b60aaee46f3,105,KScBASILIKUM ,"Basilikum, Buschbasilikum","4",3,5.00,Freiland / Gewächshaus,"25 x 25 cm"
1,I,0xcf4a1fa169441d25053bfdd3b4153f7b2efa24369f672369220fc61dfb40807e,75,GStSELLERIE ,"Sellerie, Knollensellerie ""Monarch""","6",2,7.00,Freiland,"40 x 40 cm"
1,I,0xff3ecbe477b5d24b53580930daec171c8f8c7f149f1c16755f3eefe925478efa,124,PScTOPINAMBUR ,"Topinambur ""Violet de Rennes“","12",1,3.00,Freiland,"60 x 40 cm"
1,I,0x6efe03eb2037058e6614ec3cb5a588104f8fcbdffbdd86d94dcc05753e847ad3,43,GMiLAUCHZWIEBEL ,Lauchzwiebel  „Long White“,"2m",1,2.30,Freiland,"40 x 5 cm"
1,I,0x66edaca4c69026ec38598b5d8a5a26490bbb2439cccf0d6580467d6ee01f2ccb,3,GStAUBERGINE ,Aubergine „Blaukönigin“,"2",2,5.00,Gewächshaus / Container,"50 x 50 cm"
1,I,0x6e06fd04e23fe360b383f6ac69f7b08d4ab014adf5d4e4a3c4627d3be3a34ad4,61,GStROSENKOHL ,Rosenkohl „Groninger“,"4",2,8.00,Freiland,"50 x 50 cm"
1,I,0xfb9ae2372a9730fd7e03fe070b07c826663d81c46a17f2870132450c6653f997,87,GStTOMATE ,"Tomate, Fleischtomate „Liguria“","1",2,0.50,Gewächshaus,"3-4 Pfl / qm"
1,I,0xd80888dee5b89b05f64f573de73f27e73270f7dd94f47a39ab2033c4a02a48ff,14,GScBOHNE ,"Bohne, Buschbohne, Trockenbohne ""Borlotto""","15",2,4.50,Freiland,"50 x 40 cm"
1,I,0xbd08bae6e5e6e9f40ffab772db778c06c8374f20bca7b5e004ec40dc1e5c1eb2,121,PMiSCHALOTTE ,"Schalotte, Steckzwiebel Gourmet Schalotte „Longor""","250g",1,4.00,Freiland,"30 x 15 cm"
1,I,0x8de876bfa6f446c10d2282e8fd2cab8c4c6d86e04e25e8fc54fab2609150e429,35,GStKÜRBIS ,Kürbis „Blue Ballet“,"1",2,1.00,Freiland,"0 x 100 cm"
1,I,0xfb41349019a6055e36a2a274fede3596de4f06909f13b75b08384cef8cd34bc8,63,GMiSALAT ,"Salat, Eissalat „Laibacher Eis“","2x 6",1,4.50,Freiland,"30 x 30 cm"
1,I,0xd54c0c1e0b9a331c70fd086f325fb757866a7584fe6e1869d48bc38be5e37c62,9,GMiBETE ,"Bete, Gelbe Bete „Burpees Golden“","2x 2m",3,3.00,Freiland,"30 x 8 cm"
1,I,0x046e9f296508ae2e499097035545d748012571db1f07914cf0bbb253bb536ff7,118,PStKARTOFFEL ,"Kartoffel, Rosa Tannenzapfen (sehr spät, festkochend)","2 kg",1,6.00,Kartoffelbeet,"35 x 70 cm"
1,I,0xe8463de0921d97ed8d23dc4fb9ea284be8a9e98ec1f6995d69b29a9206f4d530,88,GStTOMATE ,"Tomate, Fleischtomate „Tschernij Prinz“","2",2,0.50,Gewächshaus,"3-4 Pfl / qm"
1,I,0xffd2f36a302021a92c8e0b5968125a5f6c6df2a02731d5f91c843d1aa437a93f,7,GMiBETE ,"Bete, Rote Bete „Marner Halanga“","2m",2,8.00,Freiland,"30 x 8 cm"
2,C,0x6da40bd96aac284aae84f523642a9db265c507fbf890bfca0884aaa180e8ede7,1,MiGAMARANTH ,"Amaranth „Mischung""",Einstreuer,1,2.00,Freiland,"50 x 20 cm"
2,C,0xef0bf99b9512fee737f19ed4576efc60056eefeda2e2bbef0445671ce8d6fec3,2,StGANDENBEERE ,Andenbeere „Schönbrunner Gold“,"10",2,4.00,Freiland,"60 x 60 cm"
2,C,0xfe3e20dfb9c6d734a5bae6c4463a47f4a96abefeb4ece90f81d148781dc6dcb5,3,StGAUBERGINE ,Aubergine „Blaukönigin“,"2",2,5.00,Gewächshaus / Container,"50 x 50 cm"
2,C,0x7734a4f90549f36d63ec5adcf6b8fe48c33051514606768bca148bdbef81c26d,4,StGAUBERGINE ,Aubergine „Violetta di Firenze“,"2",2,5.00,Gewächshaus / Container,"50 x 50 cm"
2,C,0x8816784bbb4cee67556d60fb862c1d630444c7c07fbeb617417871ab23f2b8e6,5,StGAUBERGINE ,Aubergine „Blanche ronde à œuf (Eierfrucht)“,"2",2,5.00,Gewächshaus / Container,"50 x 50 cm"
2,C,0xf34aef23c9c82afb769fc2751540708be69274714129af2a4b1a10c658435c0c,6,MiGBETE ,"Bete, Rote Bete „Robuschka""","2x 2m",3,7.00,Freiland,"30 x 8 cm"
2,C,0x7123c575d34dddb4556a17bdc41a87f18a2ba86de1b8797f6133a24f3f334c44,7,MiGBETE ,"Bete, Rote Bete „Marner Halanga“","2m",2,8.00,Freiland,"30 x 8 cm"
2,C,0x977efdc02667b0e2cf8b3ba0da61c137c162e5d80451e0144aac96d281e3da28,8,MiGBETE,"Bete, Rote Bete „Tonda di Chioggia“","2m",2,8.00,Freiland,"30 x 8 cm"
2,C,0x72a6253e19fd485de6f95f100bfaf9602a1284f080dc79537c1aa14eda90598c,9,MiGBETE ,"Bete, Gelbe Bete „Burpees Golden“","2x 2m",3,3.00,Freiland,"30 x 8 cm"
2,C,0x2a0d0a42b64f47f5611dd07125066e0d94caa0015ea37fddda6a03bbe44d7b4c,10,StGBLUMENKOHL ,Blumenkohl „Erfurter Zwerg“,"3x 6",2,0.50,Freiland,"50 x 40 cm"
2,C,0x082bcb21e80fddec1637f4a730f97294e1c9275df0fe2ba9ebce54f0b17dc74c,11,ScGBOHNE ,"Bohne, Buschbohne „Purple Teepee“","24",2,8.00,Freiland,"40 x 30 cm"
2,C,0x3b515659f8397a082bcd92aadca8581366808fcc72f9298c2cdfeaefe88ec784,12,ScGBOHNE ,"Bohne, Buschbohne „Zucker Perl Perfektion“","12",2,4.00,Freiland,"50 x 40 cm"
2,C,0x254b2f380286582ef5fa30ad428e8211af772b830c83cf90d129cc9fe6fb91c2,13,ScGBOHNE ,"Bohne, Buschbohne „Auskernbohne schwarz“","15",2,4.50,Freiland,"50 x 40 cm"
2,C,0xaddbfe8ff68030052d267ea14b959f973e31e39a35c187593833bab4d6c852aa,14,ScGBOHNE ,"Bohne, Buschbohne, Trockenbohne ""Borlotto""","15",2,4.50,Freiland,"50 x 40 cm"
2,C,0x8f6bc02cde0a138e63795d225cf2848ee9a03d211c3d7a67d88c1ad16c20b910,15,ScGBOHNE ,"Bohne, Buschbohne, Trockenbohne ""Canadian Wonder""","15",2,4.50,Freiland,"40 x 60 cm"
2,C,0x89c0b9ac79f1ccbc3c0db1867b35773f2f3f4d1b6c8a046a3758f9f568c54363,16,ScGBOHNE ,"Bohne, Puffbohne „Karmesin“","4m",2,3.00,Freiland,"50 x 10 cm"
2,C,0xcf5b937995fb4a6a149fe64e197310c53bef22106d474c0f8dd1cedf31f2cf5f,17,ScGBOHNE ,"Bohne, Puffbohne „Rotsamige“","4m",2,3.50,Freiland,"50 x 10 cm"
2,C,0x6aff0c30a59e5fa75bb4863522b71b5bcab09180c11b78649ee9be73e2177e5c,18,ScGBOHNE ,"Bohne, Winterpuffbohne „Priamus""","4m",2,6.00,Freiland,"50 x 10 cm"
2,C,0x1ced2fc35b81d9da23cae22fe73d772aa533f9fe89f9dc72240433e7b3bb8f58,19,StGBROKKOLI ,Brokkoli „Ramoso calabrese“,"8",2,2.00,Freiland,"50 x 40 cm"
2,C,0xe786f413b49a8d4ddd78b4a08f42c22ecf93319b07e0d8f3155430d9d431e0f2,20,MiGCHILI ,"Chili, Jalapeno „Ruben“","6",2,8.00,Freiland,"70 x 50 cm"
2,C,0x74c9dd36d2090c6f7b02e0c3e4c2c09696f7af354b10cf134181e2cfd07f9243,21,MiGCHILI ,Chili „Vietnam - Landsorte“,"6",2,4.00,Freiland,"30 x 25 cm"
2,C,0x457f85d1b7153e78c248764d23313e85ba5075de15d0067d1b2ac65a65f5702e,22,StGCHINAKOHL ,Chinakohl „Granaat“,"12",2,2.00,Freiland,"35 x 25 cm"
2,C,0xa66c16ed97547f2d52d07cf774eb8f47a2accaa6f60f70321da897d5be9dead1,23,ScGERBSE ,"Erbse, Markerbse „Lancet“","4m",1,3.00,Freiland,"20 x 4 cm"
2,C,0x68bdc390ae187b5ea0f1abf59ddd8e083eb40b6ea80be5e51294328739bd185e,24,ScGERBSE ,"Erbse, Zuckererbse „Weggiser“","4m",1,3.00,Freiland,"35 x 4 cm"
2,C,0x8019f6ca846ef89bbe6d788929811ac18abe3f9309f0efd4e9b9c9daff568088,25,ScGERBSE ,"Erbse, Kapuzinererbse „Blauwschokker“","2x 4m",1,7.00,Freiland,"35 x 3 cm"
2,C,0x5056c3cc56e4dbc8e5f001c39b8cd18b3793633009fc07cdd49e7267bfeb0c98,26,MiGFENCHEL ,"Fenchel, Knollenfenchel „Perfektion""","3x 12",1,4.00,Freiland,"40 x 20 cm"
2,C,0xe27bf570b42262505add5f4e1230a92aab0977211d13f37ce43095d3f65489c9,27,StGGRÜNKOHL ,Grünkohl „Halbhoher Grüner Krauser“,"3",2,2.00,Freiland,"50 x 50 cm"
2,C,0x96464f3a3116a0560d3c746d2c37038760bc58e79cbca9707627131f0f68ccb8,28,StGGRÜNKOHL ,"Grünkohl ""Hoher roter Krauser“","3",2,2.00,Freiland,"50 x 50 cm"
2,C,0x7d71b65d644f98ce7a44827544280130d39bab46b7953d775ce665fbb35f29ee,29,StGGURKE ,"Gurke, Einlegegurke „Vorgebirgstrauben“","4",2,1.50,Freiland,"00 x 30 cm"
2,C,0x478773535bd55c8e007b90420c4ad7b97a72e60fbd6c8fda44a3557f8938006d,30,StGGURKE ,"Gurke, Salatgurke „Bono“","3",2,4.00,Freiland,"00 x 30 cm"
2,C,0xe85d1644b7edbe5472a53580734379f22ba19cb252c3022ca2246162ddc21f2e,31,StGGURKE ,"Gurke, Salatgurke „Persika“","3",2,2.00,Freiland,"00 x 30 cm"
2,C,0xb839b4af4349dd1614019b1743810435b96e9ace2cc1cbc2b24b7f8d5ee20c8f,32,MiGKOHLRABI ,Kohlrabi „Azur-Star“,"5x 6",2,5.00,Freiland,"30 x 25 cm"
2,C,0x4fdab37397688395b8491309fe193c92e00413f3e3e2715b773d89a43fc852bb,33,StGKÜRBIS ,Kürbis „Futsu Black“ Moschata-Kürbis,"1",2,0.80,Freiland,"0 x 100 cm"
2,C,0x32e8e9640c0239bd879271ae1027c71448a6a28fccffe2b721f14f42252a3069,34,StGKÜRBIS ,Kürbis „Red Kuri“ Roter Hokkaido ,"1",2,0.75,Freiland,"0 x 100 cm"
2,C,0xaa1b484cde51853a94720041f736c3ee350497548d0ceb713d5ddf4d49608b5a,35,StGKÜRBIS ,Kürbis „Blue Ballet“,"1",2,1.00,Freiland,"0 x 100 cm"
2,C,0xc74a8d4c8b2444ecfe3c8c5113efab4a1401a637cfd7246fcae65db928b85446,36,StGKÜRBIS ,Kürbis „Thelma Sanders Sweet Potato“,"1",2,0.50,Freiland,"0 x 100 cm"
2,C,0x8d6f84ec688217cf9d18fc5a1566342bcd67c4f287261fa021458ed79018e265,37,StGKÜRBIS ,Kürbis „Jack be little“,"1",2,0.50,Freiland,"0 x 100 cm"
2,C,0xb31bed60e2201cf1b94f071591ad8e79555456aa39d2794fb0f0709693ec893a,38,StGKÜRBIS ,Kürbis „Moschus Napolitaner“,"1",2,0.50,Freiland,"0 x 100 cm"
2,C,0x4363a60ae03a94a5fe783b5bd2516a6f176364ab9d0e3a0583b882a876fc52dd,39,StGLAUCH ,"Lauch, Sommerporree „Hilari“","15",1,0.80,Freiland,"30 x 15 cm"
2,C,0x0842eb4971a5039964421e56e5a6a3ff0b429e7f84945102075a2cccf786bf32,40,StGLAUCH ,"Lauch , Herbstporree „Elefant“","10",1,1.00,Freiland,"30 x 10 cm"
2,C,0x5af3644f19ebea9fdab8a29dbe6d1cdb0b13fd71e43727a398e2618a0c15a7c6,41,StGLAUCH ,"Lauch, Winterporree „Freezo“","20",1,1.20,Freiland,"30 x 10 cm"
2,C,0x75421c057e53c6b9401ed4fec7e3490f437cc772e86f2dda71f7cb7ad48bd1f6,42,MiGLAUCHZWIEBEL ,"Lauchzwiebel „Ischikrona""","2m",1,2.40,Freiland,"5 x 2,5 cm"
2,C,0xdd92a8394847fcedb937bd0f7094190dcfcaf73f0c7c7c1761a672599ca7fbac,43,MiGLAUCHZWIEBEL ,Lauchzwiebel  „Long White“,"2m",1,2.30,Freiland,"40 x 5 cm"
2,C,0xe1efeb475096c52d307fe20ef26a5785ebb830bd6f3fe8af056ad73bd7b1b1af,44,ScGMAIRÜBE ,"Mairübe ""Blanc globe à collet violet""","10",2,4.00,Freiland,"20 x 5 cm"
2,C,0x56c32d9cb508a8ecfc16f2832960f6da5db85d1f0ec63a917b3c6c232c75db22,45,MiGMANGOLD ,Mangold „Bright Lights“,"1m",1,2.00,Freiland,"50 x 20 cm"
2,C,0x116c6d7a78dcf2f11f63b83d493afc92757b0bfbf1133e81e863958205a10d28,46,StGMELONE ,"Melone, Honigmelone „Ananas“","2",3,8.00,Freiland,"80 x 80 cm"
2,C,0x2af473cfbf47c3f60f15d7bf0837c2e67f4c93e3fc2a65970c6de2534dea3343,47,StGMELONE ,"Melone, Honigmelone „Petit gris de Rennes“","2",3,9.00,Freiland,"100x 50 cm"
2,C,0x36d5c9503a69280d2623d51affd8fe94e093fd2671d70a14c4553660a1c92e99,48,MiGMÖHRE ,"Möhre „Milan""","2x 4m",1,4.50,Freiland,"35 x 3 cm"
2,C,0xe7f4428d4c3ce3a4c6e2a5b391bc5edc018b48a19fca9afc75a4dd49ba3cc578,49,MiGMÖHRE ,Möhre „Colorada“,"2x 2m",1,3.80,Freiland,"30 x 5 cm"
2,C,0x56fab4803fc1fca079ad454ad151b4ad16548d3d0643dbc1c80c9f459a9697d2,50,MiGMÖHRE ,Möhre „Bunte Mischung“,"4m",1,5.60,Freiland,"30 x 8 cm"
2,C,0x1d13127611a01853f58579ede601e7bbd4e3e3f1f1bbca62175bb4c8eb32c2c7,51,StGPALMKOHL ,Palmkohl „Negro Romano“,"5",2,2.00,Freiland,"50 x 50 cm"
2,C,0x88007df9716a7ad76c46c2c235de39f03c11daae7770a9c9f3ba95cf89d1fc82,52,MiGPAPRIKA ,Paprika „Runde Ungarische“,"4",2,4.00,Freiland,"60 x 60 cm"
2,C,0xbd1cc805f00ea7403437e0f03425245c7f69f5b98e60dd6af21053a0efab0b10,53,MiGPAPRIKA ,Paprika „Sweet Banana“,"4",2,5.00,Freiland,"50 x 40 cm"
2,C,0x0f93b3ddbd86015d0198d98e2105cb98e21d093594450f234277e8cbe27d2330,54,MiGPAPRIKA ,Paprika „Pusztagold“,"4",2,5.00,Freiland,"40 x 50 cm"
2,C,0x9f6927fc15a069e73ca6ab938fb14ef0e0afad91fce28be85a62473a17992fdf,55,MiGPASTINAKE ,Pastinake „Tender and True“,"2x 2m",1,5.00,Freiland,"30 x 8 cm"
2,C,0xd542c02aab9dfa55eca72e7b39c0132df353796b84c6c10de28d5abd4a911394,56,MiGPFEFFERONI ,"Pfefferoni „Taeyang medium"" ","4",2,7.00,Freiland,"50 x 40 cm"
2,C,0x5b349c1143d4b517db043738e43bcd7d1018d2b8a74496f2d620732719592a9d,57,ScGRADIESCHEN ,"Radieschen ""Flamboyant 2“","3x 2m",1,8.00,Freiland,"20 x 3 cm"
2,C,0xab1c377584f4900790644814938a6583a3e378776fa0d3ef8b4d5e80d1f097ac,58,ScGRADIESCHEN ,Radieschen „De dix-huit-jours (18 Tage)“,"3x 2m",1,8.00,Freiland,"20 x 3 cm"
2,C,0xb9a9ac3940bfc25334afe582b3b742b620a813e85d1f5503c4c77505529ad56f,59,MiGRETTICH ,"Rettich „Daikon""","10",2,3.00,Freiland,"40 x 10 cm"
2,C,0x3fa00f98dc759da45711bdeaabfe6905e53254dfa6de1d7c502fee369395f625,60,StGROSENKOHL ,Rosenkohl „Rubine“,"4",2,0.50,Freiland,"50 x 50 cm"
2,C,0xd420be89c0b6a2dd5bb43ea32def7d98a472f8372f621d01472ba4eb09e49d03,61,StGROSENKOHL ,Rosenkohl „Groninger“,"4",2,8.00,Freiland,"50 x 50 cm"
2,C,0x3bfa62aebe5ddcfb41f7b4d229e77b7da3993522c23b6803702b984d256dd9d9,62,StGROTKOHL ,Rotkohl „Langedijker Lager 2“,"10",2,4.00,Freiland,"40 x 50 cm"
2,C,0xdfb5cdeb07c77877426216e6cab88cd64e89d535c09b5087827db67f31427691,63,MiGSALAT ,"Salat, Eissalat „Laibacher Eis“","2x 6",1,4.50,Freiland,"30 x 30 cm"
2,C,0x1ab65b56b17dbeb1452cb33c29a8d6e82df2ac99259f170f04129d6288b0fc86,64,MiGSALAT ,"Salat, Eissalat „ Rossia“","2x 6",1,4.50,Freiland,"30 x 30 cm"
2,C,0x9101272bc3d8c3a7f0d653a80030e4aae3f174dd2749059961ca08190e06155e,65,MiGSALAT ,"Salat, Schnittsalat „Red Velvet“","6",2,4.50,Freiland,"30 x 30 cm"
2,C,0x748d9ec643da3cca73228ac2a48772de013d46638d8fa8e53e70c63ee4e08709,66,MiGSALAT ,"Salat, Römersalat „Teufelsohren“","10",2,3.00,Freiland,"30 x 30 cm"
2,C,0xf153e948dbdd20abbc7021c893051dd6fbf4898328d5e038d4e5bdee655a7578,67,MiGSALAT ,"Salat, Radicchio „Palla Rossa“","10",2,3.50,Freiland / Gewächshaus,"30 x 30 cm"
2,C,0x90677d0d72e145ed9fd68ec938040b199082124ed918a522add0cfd4614d687c,68,MiGSALAT ,"Salat, Asiasalatmischung „Oriental Mix“","1m",1,6.00,Freiland / Gewächshaus,"15 x 3 cm"
2,C,0x55f14853961d1176c8847e16e00d75f55529b66a76cea224c13bf9d82abf78b5,69,ScGSALAT ,"Salat, Feldsalat „Kölner Palm“","2m",1,2.00,Freiland,"15 x 2 cm"
2,C,0xb9df370cb20612d6281c120c42f3cb615fbd170f44f9c8a0b70e3c87a35c9ad8,70,ScGSALAT ,"Salat, Feldsalat „Elan“","2m",1,8.00,Gewächshaus,"15 x 1 cm"
2,C,0xac7856bfa82d226362afe0e5e2ea1d245ebe9c52248f8cf6b60ba26e34eb0bac,71,ScGSALAT ,"Salat, Postelein","2m",1,4.00,Gewächshaus,"10 x 2 cm"
2,C,0x4f3c9d96acd2cb3c0878e483f1a5a72a05fb79c40b0bf44880f39978dc49ad69,72,ScGSALAT ,"Salat, Wilde Rauke","2m",1,2.00,Freiland,"20 x 2 cm"
2,C,0xbd40eff0deb74c4c9d1200dfb299d5454e65435ca409a1484cc0c294ff58d7f8,73,ScGSALAT ,"Salat, Salatrauke","2m",1,3.00,Freiland,"25 x 2 cm"
2,C,0x96c4580694cd0be243f3aa4763d52f64f0ab251c302b31dc73e8b4425d73e4bb,74,StGSELLERIE ,"Sellerie, Knollensellerie ""Ibis""","6",2,3.00,Freiland,"40 x 40 cm"
2,C,0x316f179799513fb432462e47d8e9b3e4e265b0b11d7fe7229d3abcbececf700c,75,StGSELLERIE ,"Sellerie, Knollensellerie ""Monarch""","6",2,7.00,Freiland,"40 x 40 cm"
2,C,0xb47b1b6ba6264d63002bab73e6fec46ddad73590e0178ee56f56fef616f5ecc8,76,StGSELLERIE ,"Sellerie, Stangensellerie ""Tall Utah“","1m",1,4.00,Freiland,"40 x 40 cm"
2,C,0x82e7839022ccb5a5416c8477a29221e9e5d63d957e0d8b5420569486a7fd7eff,77,StGSELLERIE ,"Sellerie, Stangensellerie ""Roter Stiel“","1m",1,2.00,Freiland,"35 x 30 cm"
2,C,0x0dda1533fa31cf08bacea3b7781b774efcbc2979c32573d6c535bb837bdb90df,78,MiGSPINAT ,Spinat „Butterfly“,Einstreuer,1,2.00,Freiland,"20 x 5 cm"
2,C,0x168153d134211c8a2731e0d77083d45d51b23f91b486e780f41dc3a2e1ffddb9,79,MiGSPINAT ,Spinat „Matador“,Einstreuer,1,1.50,Freiland,"30 x 3 cm"
2,C,0x5244aa6a3731fcd6804e9aa989beec9e49ec951220e0c10e9db799369278d8e0,80,MiGSCHWARZWURZEL ,Schwarzwurzel „Hoffmanns schwarze Pfahl“,"4m",1,4.00,Freiland,"30 x 5 cm"
2,C,0x2252b596d8ada36e1c54aad0c970ea032c48aaaa08cd5d97103f39cf5d967e34,81,StGTOMATE ,"Tomate, Cocktailtomate „Black Cherry“","3",2,2.00,Gewächshaus,"3-4 Pfl / qm"
2,C,0xbde3aaed3d5bf0258b0e6d7ae40117cab60f9c94ab2d0b536a13e9670f9e647d,82,StGTOMATE ,"Tomate, Cocktailtomate „Vesennij Mieurinskij“","3",2,5.00,Gewächshaus,"3-4 Pfl / qm"
2,C,0xfd65bc83fdd077ef72e53278f7694f0dd74404ac5e209c81696dae8c7059aeaa,83,StGTOMATE ,"Tomate, Cocktailtomate „Kleine Gelbe aus Estland“","1",2,0.80,Gewächshaus,"3-4 Pfl / qm"
2,C,0x4b64826c4f373918764744df413ef6392226ae345cc927c7e4799a2005ab2f4f,84,StGTOMATE ,"Tomate, Fleischtomate „Schwarze Russische“","3",2,0.75,Gewächshaus,"3-4 Pfl / qm"
2,C,0x6ae23f8fe96b5a338d4d9c3c0932c3542b759e1e2454db8c3cf7f92e0a2d74a7,85,StGTOMATE ,"Tomate, Fleischtomate „Marmande“","3",2,1.00,Gewächshaus,"3-4 Pfl / qm"
2,C,0xe44700c1145af3c8879c6fdc44f1ad0227414f1d4ef1e656efac25a37cf799eb,86,StGTOMATE ,"Tomate, Fleischtomate „Riesentomate Ananas“","3",2,0.50,Gewächshaus,"3-4 Pfl / qm"
2,C,0x00dd1da20d00c0bce1ad54aed792672d84546d0f718506a467b6607e58fca822,87,StGTOMATE ,"Tomate, Fleischtomate „Liguria“","1",2,0.50,Gewächshaus,"3-4 Pfl / qm"
2,C,0x89fcab29cc2d2924c959ec8ce5e6370c7e6483153bcaaf8ba7dce9f693fda15f,88,StGTOMATE ,"Tomate, Fleischtomate „Tschernij Prinz“","2",2,0.50,Gewächshaus,"3-4 Pfl / qm"
2,C,0x9300642be1421f6d8630af8a9e1b4da868f2f71fd191f154962fb34ae770eda0,89,StGTOMATE ,"Tomate, Fleischtomate „Berner Rose“","1",2,0.80,Gewächshaus,"3-4 Pfl / qm"
2,C,0xc5299606d53195ffbfc20c59977c413d2f227d2abfab0d77d78c39ed10767936,90,StGTOMATE ,"Tomate, Fleischtomate „Paprikaförmige“","5",2,1.00,Freiland / Gewächshaus,"80 x 80 cm"
2,C,0x18a0e32654867a1ec9e41fc3722d6a8e081a3766407dd50868005a2cee54aaca,91,StGTOMATE ,"Tomate, Salattomate „Friesje“","2",2,1.20,Gewächshaus,"3-4 Pfl / qm"
2,C,0x33500d82f5a4ed27bf40dd2c391d20a3a63b3f33ac4e9fa56b912c13d49f16a6,92,StGTOMATE ,"Tomate, Salattomate „Anamar“","2",2,2.40,Freiland,"80 x 80 cm"
2,C,0x0d1be4fa098ce2d1eaf894a24e55132c74b22b3f061e9a82755774f0f3ae8525,93,StGTOMATE ,"Tomate, Cocktailtomate „Celsior“","2",2,2.30,Freiland,"80 x 80 cm"
2,C,0x182f0a0f2a782502ffcd6c98251cb1ddf7c37a2f9404956c58af92d1163a6d51,94,StGTOMATE ,"Tomate, Wildtomate „Schmucktomate“","1",2,4.00,Freiland,"80 x 80 cm"
2,C,0x094dc8b51232d294e07a652fe8ee4ffce06a90cc9a2ee614f9563d58486c40b7,95,StGTOMATE ,"Tomate, Wildtomate „Rote Murmel“","1",2,2.00,Freiland,"0 x 100 cm"
2,C,0x1dedbf85c27ef22e685d3e739288328d418ca292e8d11b7ad7becf9b88059fa6,96,StGTOMATE ,"Tomate, Wildtomate „Golden Currant“","1",2,8.00,Freiland,"0 x 100 cm"
2,C,0x9de53c1932315b3f81d0b5b6a25816d20a958ac4ccfec45058dbb4447d84a722,97,StGTOMATE ,"Tomate, Cocktailtomate „Yellow Submarine“","2",2,9.00,Freiland,"00 x 50 cm"
2,C,0x1a2ceb82f92ecfe261f938b3b58eb06c8ca9f6b16630d967057f3866f7b780dc,98,StGTOMATE ,"Tomate, Cocktailtomate „Sibirisches Birnchen“","2",2,4.50,Freiland,"80 x 80 cm"
2,C,0x8a7fc5579f0a392451a4a7931b2683c075d3cbf62fa23fd7ac8fb3d5f449b0e9,99,StGWEIßKOHL ,Weißkohl „Ruhm von Enkhuizen 2“,"10",2,3.80,Freiland,"50 x 50 cm"
2,C,0xd1dc2ee270264e2b083f194f9a2e77ade6b7715e2d2b1399c99e698cbde8aeeb,100,StGWIRSING ,Wirsing „Violaceo di Verona“,"6",2,5.60,Freiland,"50 x 40 cm"
2,C,0x3833acf26997d8e195f4ddc44ef7a0b7e17bc6f7ea42ed41d3434c5ea0dd3456,101,StGZUCCHINI ,Zucchini „Cocozelle von Tripolis“,"2",2,2.00,Freiland,"00 x 80 cm"
2,C,0x5dd81f3a42967bac5037379350ff1c4490643a2c9ad3e467c04911c8d4909d6e,102,StGZUCCHINI ,Zucchini „Costates Romanesco“,"2",2,4.00,Freiland,"00 x 80 cm"
2,C,0x0deafb22c921d4d81c30aa315130c3134c5292766fa8205380857a1afc3b2704,103,StGZUCKERMAIS ,Zuckermais „Golden Bantam“,"20",1,5.00,Freiland,"50 x 20 cm"
2,C,0xe53151c8d777f9af4a3fea1d3944787ebeac6de27eaa7065d0e874127d70bb0e,104,ScKBASILIKUM ,"Basilikum, Thai-Basilikum","6",3,5.00,Freiland / Gewächshaus,"25 x 25 cm"
2,C,0x1911fdbb88fbeea2d97033a7c711b90e2c0cff8a2ce68d09c2f6d09ccf875b08,105,ScKBASILIKUM ,"Basilikum, Buschbasilikum","4",3,5.00,Freiland / Gewächshaus,"25 x 25 cm"
2,C,0xb74e781826badbeb9b65afa47705cf5cd049b5977f40c9780196b5fab3e77aef,106,ScKBASILIKUM ,"Basilikum, Strauchbasilikum großblättrig","6",3,7.00,Freiland / Gewächshaus,"25 x 25 cm"
2,C,0x12fdc6eadf5d181d1f152c63da1edd343a4a0a6aa76d3c04c05449a1de6042aa,107,ScKBASILIKUM ,"Basilikum, Strauchbasilikum rotblättrig","6",3,8.00,Freiland / Gewächshaus,"25 x 25 cm"
2,C,0xa287e3b9a3a89a1edd2c8df1145df8641726ef97a17dd137ba976ce58e8f4e9d,108,ScKBRUNNENKRESSE,Brunnenkresse,"6",1,8.00,Freiland / Container,"30 x 10 cm"
2,C,0xdc70296554305625417a85ff19db3188a1d4e86800cf62c2b41591e1fc58d536,109,ScKDILL ,"Dill ""Tetra""","2x 10",3,3.00,Freiland,"30 x 10 cm"
2,C,0x8c0bc781a569006f23ac32f213ae5d5c074c16c422a99187a78e7d66af9abdc0,110,ScKKORIANDER,Koriander,"3x 8",3,0.50,Freiland,"30 x 10 cm"
2,C,0xdd997a728a92cda3faffae3660a4315c49121ed90b30208769ea7f14921f6710,111,ScKKNOBLAUCHSRAUKE,Knoblauchsrauke,"3",3,8.00,Freiland,"20 x 5 cm"
2,C,0xe2095e25b1deeedf89bb3cf2fd967df48d2143efb3c66231bc28e403c8856977,112,ScKLAUCH-HELLERKRAUT,Lauch-Hellerkraut,"3",3,4.00,Freiland,"15 x 5 cm"
2,C,0xb11c1907311345d58cd086851d5d034e0bdf12b1a5263b3276a8f62a07b64777,113,MiKPETERSILIE ,Petersilie ‚Einfacher Schnitt‘,"8",3,4.50,Freiland,"25 x 5 cm"
2,C,0x7eeafc3a2fddf3298dafd989b0beba3ec0689a50a14318a78bcd2fb5a17b3f77,114,StPKARTOFFEL ,"Kartoffel, Anuschka (sehr früh, festkochend)","2,5 kg",1,4.50,Kartoffelbeet,"30 x 60 cm"
2,C,0x3d9e27214b277e14f9a631e3fd242de5f33db73fe8feeaef3a87db992ec7ce29,115,StPKARTOFFEL ,"Kartoffel, Ditta (mittelfrüh, festkochend)","2,5 kg",1,4.50,Kartoffelbeet,"35 x 70 cm"
2,C,0x01fd0b836c9465253a006b62a6299262f6af22170c0cf69f884b90582019ce3f,116,StPKARTOFFEL ,"Kartoffel, Setanta (mittelfrüh, mehlig)","2 kg",1,3.00,Kartoffelbeet,"35 x 70 cm"
2,C,0xc008fafced0411222b75c8aefab2cfd833496121f54b5996797755fa1d1576d6,117,StPKARTOFFEL ,"Kartoffel, Arran Victory (sehr spät, mehlig)","1 kg",1,3.50,Kartoffelbeet,"35 x 70 cm"
2,C,0x61d64fbf4644f3f159974366cfe6642edf0ad670df2c2624a471024cbacc2484,118,StPKARTOFFEL ,"Kartoffel, Rosa Tannenzapfen (sehr spät, festkochend)","2 kg",1,6.00,Kartoffelbeet,"35 x 70 cm"
2,C,0x2d13c574f9cc406d5dbcf5544e7806e2ad803bd29fa476f27e08a34eb00d1b43,119,MiPKNOBLAUCH ,"Knoblauch „Morado""","200 g",2,2.00,Freiland,"30 x 15 cm"
2,C,0x6e1e80c2a86f65be421f5441d80fe114fcbe601988980de372d8ad50b40d4d38,120,MiPKNOLLIGER ,Knolliger Sauerklee „Oca“,"10",1,8.00,Freiland,"40 x 40 cm"
2,C,0x4fb0ab88818a14ed41dca8f4bb3afce3d12776dd3fafd6a5be0c985cb3a0cf86,121,MiPSCHALOTTE ,"Schalotte, Steckzwiebel Gourmet Schalotte „Longor""","250g",1,4.00,Freiland,"30 x 15 cm"
2,C,0x8b8dca421feb227d38f17ad30fed3f490ad768bffb47f6965b697fc0bc7db71b,122,StPSÜßKARTOFFEL ,"Süßkartoffel ""Erato® Orange“","4",1,2.00,Freiland,"40 x 30 cm"
2,C,0xa33535995bf5bc04018572c3d64415de8a982ded7c8ff03d5fec632867a46ea9,123,StPSÜßKARTOFFEL ,"Süßkartoffel „Beauregard""","4",1,3.00,Freiland,"40 x 30 cm"
2,C,0xb8e4aa17552630e2a236a5a1f3eaa67e7db1b33f5780b9564125d98a7cd12c50,124,ScPTOPINAMBUR ,"Topinambur ""Violet de Rennes“","12",1,3.00,Freiland,"60 x 40 cm"
2,C,0x2884443a022a1495aba90cf9169cfee873917d21338869a8e7a4de75a490bd3a,125,MiPZWIEBEL ,"Zwiebel, Steckzwiebel ""Red Baron“","250g",1,7.00,Freiland,"30 x 10 cm"
2,C,0xbcc1055a9a91872b3469b83c9e171668fc4becb3e261800cacf4a5a14b8b621e,126,MiPZWIEBEL ,"Zwiebel, Steckzwiebel ""Sturon""","1kg",1,4.00,Freiland,"30 x 10 cm"
3,C,0xbd679bc1d45a5c7d82d5c52fb82c27ea40d59592ef49b87617c829b07c3566be,1,GMiAMARANTH ,"Amaranth „Mischung""",Einstreuer,1,2.00,Freiland,"50 x 20 cm"
3,C,0x061e2449d2d780d409930abd72568197fbe8869713c73f3422682681b72df127,2,GStANDENBEERE ,Andenbeere „Schönbrunner Gold“,"10",2,4.00,Freiland,"60 x 60 cm"
3,C,0x66edaca4c69026ec38598b5d8a5a26490bbb2439cccf0d6580467d6ee01f2ccb,3,GStAUBERGINE ,Aubergine „Blaukönigin“,"2",2,5.00,Gewächshaus / Container,"50 x 50 cm"
3,C,0xbfa79d31ff4bd2d6bdcb666d225d40cfb4f9fcaa67d5a2086f2a230884476c23,4,GStAUBERGINE ,Aubergine „Violetta di Firenze“,"2",2,5.00,Gewächshaus / Container,"50 x 50 cm"
3,C,0x51e002ea49a67c41040a47af76d6ef349cf2eee09f2b48985058e2a905eb618a,5,GStAUBERGINE ,Aubergine „Blanche ronde à œuf (Eierfrucht)“,"2",2,5.00,Gewächshaus / Container,"50 x 50 cm"
3,C,0x4fe6ab675e806dd1c85babf9d4d6e0fe9663bff52bd69a19c754ce2a71bac5b5,6,GMiBETE ,"Bete, Rote Bete „Robuschka""","2x 2m",3,7.00,Freiland,"30 x 8 cm"
3,C,0xffd2f36a302021a92c8e0b5968125a5f6c6df2a02731d5f91c843d1aa437a93f,7,GMiBETE ,"Bete, Rote Bete „Marner Halanga“","2m",2,8.00,Freiland,"30 x 8 cm"
3,C,0x23f3b755800e136fd2f41b0165a404be2d50e740460f2cb87aa077fd135ef412,8,GMiBETE,"Bete, Rote Bete „Tonda di Chioggia“","2m",2,8.00,Freiland,"30 x 8 cm"
3,C,0xd54c0c1e0b9a331c70fd086f325fb757866a7584fe6e1869d48bc38be5e37c62,9,GMiBETE ,"Bete, Gelbe Bete „Burpees Golden“","2x 2m",3,3.00,Freiland,"30 x 8 cm"
3,C,0xb02d7e8138ecf648f2d0cd2710a99b535431d95464e6c665d6b982576b5ae9ed,10,GStBLUMENKOHL ,Blumenkohl „Erfurter Zwerg“,"3x 6",2,0.50,Freiland,"50 x 40 cm"
3,C,0x1bc84b670c165221e1db16aa0c9b2d5a1a3ce79d2fce0e266e04f1092437e11b,11,GScBOHNE ,"Bohne, Buschbohne „Purple Teepee“","24",2,8.00,Freiland,"40 x 30 cm"
3,C,0x940173e65bef6f2a9247d3651e8ce04c63a99c9fc384d3398b8d445f1c772333,12,GScBOHNE ,"Bohne, Buschbohne „Zucker Perl Perfektion“","12",2,4.00,Freiland,"50 x 40 cm"
3,C,0x019b1ca61a725dfd2060fc1dac0e1b895d30eaacebfbfd42e9674446bb749844,13,GScBOHNE ,"Bohne, Buschbohne „Auskernbohne schwarz“","15",2,4.50,Freiland,"50 x 40 cm"
3,C,0xd80888dee5b89b05f64f573de73f27e73270f7dd94f47a39ab2033c4a02a48ff,14,GScBOHNE ,"Bohne, Buschbohne, Trockenbohne ""Borlotto""","15",2,4.50,Freiland,"50 x 40 cm"
3,C,0x7d0f84dbe6b1de43a7933ebcb43d68a2f95d1fe1f0dfa28b5ce6b63394edb432,15,GScBOHNE ,"Bohne, Buschbohne, Trockenbohne ""Canadian Wonder""","15",2,4.50,Freiland,"40 x 60 cm"
3,C,0xa893b216e80da75a48904545fbfdeaac7bdb2d012e30433aa711e8fe2602625d,16,GScBOHNE ,"Bohne, Puffbohne „Karmesin“","4m",2,3.00,Freiland,"50 x 10 cm"
3,C,0x2748435b91dbd41f92439c394e16cb4c0a475ca580607a9b492eebcf0869f2fa,17,GScBOHNE ,"Bohne, Puffbohne „Rotsamige“","4m",2,3.50,Freiland,"50 x 10 cm"
3,C,0xfc19e0ff4503d32315fc3c8c868b92d605d5fe679010ac6f05fb2234719cdedc,18,GScBOHNE ,"Bohne, Winterpuffbohne „Priamus""","4m",2,6.00,Freiland,"50 x 10 cm"
3,C,0xd3b44d524b261f1b8a810dd32c688cd1963d3e6c84c55ea2ab218c23814165d6,19,GStBROKKOLI ,Brokkoli „Ramoso calabrese“,"8",2,2.00,Freiland,"50 x 40 cm"
3,C,0xe8da095a939e131fab3151e46ca985c333bce4442130f1e01023dcf10d2dc52c,20,GMiCHILI ,"Chili, Jalapeno „Ruben“","6",2,8.00,Freiland,"70 x 50 cm"
3,C,0xd1e6323fd117ccb6a08ce24918b66b4b22615ffda0ddbb3e3b1588bb92f76c7b,21,GMiCHILI ,Chili „Vietnam - Landsorte“,"6",2,4.00,Freiland,"30 x 25 cm"
3,C,0xe069aa101e8689f6ad832a15fca249ef210129d6693bb1d5ab47b126c996b968,22,GStCHINAKOHL ,Chinakohl „Granaat“,"12",2,2.00,Freiland,"35 x 25 cm"
3,C,0x93959aa22f487e681f723cab53e9ea130cada0730fb17e67aac39a22b14d2cf5,23,GScERBSE ,"Erbse, Markerbse „Lancet“","4m",1,3.00,Freiland,"20 x 4 cm"
3,C,0x2c5ac0aa5efec328beff845543e2e1aed856a9c76210314202e910ee09b14402,24,GScERBSE ,"Erbse, Zuckererbse „Weggiser“","4m",1,3.00,Freiland,"35 x 4 cm"
3,C,0xaff664b817cbb80983cb768d159d86b7d71865c18ff56b625ec34d3537744c2c,25,GScERBSE ,"Erbse, Kapuzinererbse „Blauwschokker“","2x 4m",1,7.00,Freiland,"35 x 3 cm"
3,C,0xae5a6fb416b31755c6f3d5ddb3b7a24171d58c47263cc561c4d15b9843b30670,26,GMiFENCHEL ,"Fenchel, Knollenfenchel „Perfektion""","3x 12",1,4.00,Freiland,"40 x 20 cm"
3,C,0x93a131165ce08e6e96b22b03417939365a0e178a503478b904b1d26613cb1beb,27,GStGRÜNKOHL ,Grünkohl „Halbhoher Grüner Krauser“,"3",2,2.00,Freiland,"50 x 50 cm"
3,C,0x7c2cc6a8c9d09c74832ec0b878cafaf592c35d38e2be5f4e71813cb4cd160dc3,28,GStGRÜNKOHL ,"Grünkohl ""Hoher roter Krauser“","3",2,2.00,Freiland,"50 x 50 cm"
3,C,0xbc15e79c3b027c8c0a5c0c9f45dff3298c883a37733e51a990ca453ccbcdf542,29,GStGURKE ,"Gurke, Einlegegurke „Vorgebirgstrauben“","4",2,1.50,Freiland,"00 x 30 cm"
3,C,0x9a894aeb346d526785e2494e4b8a5cc0ec16c6e0da8209cb121d4ad190a89b2f,30,GStGURKE ,"Gurke, Salatgurke „Bono“","3",2,4.00,Freiland,"00 x 30 cm"
3,C,0x11637508cf76b285794ac7c34c56fd0e8fe279bf68d7159de03624e94fe44d1d,31,GStGURKE ,"Gurke, Salatgurke „Persika“","3",2,2.00,Freiland,"00 x 30 cm"
3,C,0xd2edb5f29268c4e64df1c90967faa5e0eee291eb76bd325f3d87616095340762,32,GMiKOHLRABI ,Kohlrabi „Azur-Star“,"5x 6",2,5.00,Freiland,"30 x 25 cm"
3,C,0x57d301e9c7504b1d54c03f57baa318559847c0bf52e0d9b1d10bde42ce86244a,33,GStKÜRBIS ,Kürbis „Futsu Black“ Moschata-Kürbis,"1",2,0.80,Freiland,"0 x 100 cm"
3,C,0x4d04fa0a6703b9b56b571bb222537c1a05db2758cbcd689a62bf63f69e857b35,34,GStKÜRBIS ,Kürbis „Red Kuri“ Roter Hokkaido ,"1",2,0.75,Freiland,"0 x 100 cm"
3,C,0x8de876bfa6f446c10d2282e8fd2cab8c4c6d86e04e25e8fc54fab2609150e429,35,GStKÜRBIS ,Kürbis „Blue Ballet“,"1",2,1.00,Freiland,"0 x 100 cm"
3,C,0x9eb9fee044cc9e7d31bc0d37185089b5b02f271ac278267d92c93502ef82de09,36,GStKÜRBIS ,Kürbis „Thelma Sanders Sweet Potato“,"1",2,0.50,Freiland,"0 x 100 cm"
3,C,0x82e6f9df9037cf0ba8ae0c6ff94716948dbc781db57251312733a70089e60308,37,GStKÜRBIS ,Kürbis „Jack be little“,"1",2,0.50,Freiland,"0 x 100 cm"
3,C,0x59225284caf4063e8189ab699f8f809e1f900f8c88e3e2761a429d2bcb952132,38,GStKÜRBIS ,Kürbis „Moschus Napolitaner“,"1",2,0.50,Freiland,"0 x 100 cm"
3,C,0x5e59508fe45eb3c28a0150d9133a19f17f87befeb0700bb3298628a6be6dd9b2,39,GStLAUCH ,"Lauch, Sommerporree „Hilari“","15",1,0.80,Freiland,"30 x 15 cm"
3,C,0xa14bab695ceb37436a9377d6d28275629b759b817032e0a1f636626326776191,40,GStLAUCH ,"Lauch , Herbstporree „Elefant“","10",1,1.00,Freiland,"30 x 10 cm"
3,C,0xacf78d7ead4ca9a1e456ce5fd263b19605a265cf2b2fa36c046c6e73da6902d9,41,GStLAUCH ,"Lauch, Winterporree „Freezo“","20",1,1.20,Freiland,"30 x 10 cm"
3,C,0x25c4e51378067165769b99d7a80aeb61d37de388d3c96e7fc1f2c3edb4165db0,42,GMiLAUCHZWIEBEL ,"Lauchzwiebel „Ischikrona""","2m",1,2.40,Freiland,"5 x 2,5 cm"
3,C,0x6efe03eb2037058e6614ec3cb5a588104f8fcbdffbdd86d94dcc05753e847ad3,43,GMiLAUCHZWIEBEL ,Lauchzwiebel  „Long White“,"2m",1,2.30,Freiland,"40 x 5 cm"
3,C,0x5c7c87294094aee87ac819220096677f8b70e925f7a71103147b4eeb8686f00f,44,GScMAIRÜBE ,"Mairübe ""Blanc globe à collet violet""","10",2,4.00,Freiland,"20 x 5 cm"
3,C,0xf9352136b134201a13637da41274d4e6066d6420da508e7ab9b4a77cc9ef535d,45,GMiMANGOLD ,Mangold „Bright Lights“,"1m",1,2.00,Freiland,"50 x 20 cm"
3,C,0x1531365a8cba1890da0668520f9d46d9bf82610ec47b9c4cc9606e7820796d9a,46,GStMELONE ,"Melone, Honigmelone „Ananas“","2",3,8.00,Freiland,"80 x 80 cm"
3,C,0xb79cb7c7c0a9a08822bd248dd16ccdbf719ae1cadf374f9e19645b7ed61be549,47,GStMELONE ,"Melone, Honigmelone „Petit gris de Rennes“","2",3,9.00,Freiland,"100x 50 cm"
3,C,0x37f66c795362896c6f67bfd671d49bacdad1dcf198cd1c201584443036fc3efb,48,GMiMÖHRE ,"Möhre „Milan""","2x 4m",1,4.50,Freiland,"35 x 3 cm"
3,C,0x0f91afbf2ab6f53f961b89a9c20d51a4f4d8c86205a4bd61e397b32622f4d24f,49,GMiMÖHRE ,Möhre „Colorada“,"2x 2m",1,3.80,Freiland,"30 x 5 cm"
3,C,0xa9064ea79224f413b170411a14cf460a2a7a2589c85573cfc61aba7f4464e672,50,GMiMÖHRE ,Möhre „Bunte Mischung“,"4m",1,5.60,Freiland,"30 x 8 cm"
3,C,0xd7701f575113e1be70f133f9aab8a6cfe6430db258e28fceb08692b6ece0b7a5,51,GStPALMKOHL ,Palmkohl „Negro Romano“,"5",2,2.00,Freiland,"50 x 50 cm"
3,C,0x85bbf3cfc839ec421bdeed2e1ba8de89f05e6cea7d81d3af93e37cdf1c112d38,52,GMiPAPRIKA ,Paprika „Runde Ungarische“,"4",2,4.00,Freiland,"60 x 60 cm"
3,C,0x8597db90f4212fe26ee07d61d5f19a4c95373f23c2fde38dee3450685a0c0459,53,GMiPAPRIKA ,Paprika „Sweet Banana“,"4",2,5.00,Freiland,"50 x 40 cm"
3,C,0x980a2c966c8f82a78b3ec67f5b0c584a69ae5c3dd3215b8eefc0e9f185c1d8d6,54,GMiPAPRIKA ,Paprika „Pusztagold“,"4",2,5.00,Freiland,"40 x 50 cm"
3,C,0x3f3504fab288e5c28a5aba53e339f50ce43e59e195acb9e4fbe10a1a8f3e1366,55,GMiPASTINAKE ,Pastinake „Tender and True“,"2x 2m",1,5.00,Freiland,"30 x 8 cm"
3,C,0xc596ded428ede61b701df509db8c964e9b04411dbe475b7e4a230095754233f2,56,GMiPFEFFERONI ,"Pfefferoni „Taeyang medium"" ","4",2,7.00,Freiland,"50 x 40 cm"
3,C,0x6400a36a1e021fdbbff75a2d96aa69f9420b7f8f97bccfd85738040ae97e3dd0,57,GScRADIESCHEN ,"Radieschen ""Flamboyant 2“","3x 2m",1,8.00,Freiland,"20 x 3 cm"
3,C,0x75f79ef3b95b29dd350beca80be19ccf3b727a3e12fee241f4c6b4ad212d1248,58,GScRADIESCHEN ,Radieschen „De dix-huit-jours (18 Tage)“,"3x 2m",1,8.00,Freiland,"20 x 3 cm"
3,C,0x405ab2dcc89ef39c6b0a2c974f221c931e4d7611922feec5f4802ff925e35f2a,59,GMiRETTICH ,"Rettich „Daikon""","10",2,3.00,Freiland,"40 x 10 cm"
3,C,0x02347b4315a0904a8f2dd4d20df11cf3b1c2f831009a9bbf2fe41105308b48aa,60,GStROSENKOHL ,Rosenkohl „Rubine“,"4",2,0.50,Freiland,"50 x 50 cm"
3,C,0x6e06fd04e23fe360b383f6ac69f7b08d4ab014adf5d4e4a3c4627d3be3a34ad4,61,GStROSENKOHL ,Rosenkohl „Groninger“,"4",2,8.00,Freiland,"50 x 50 cm"
3,C,0x9defee3de5c3c00ca2f18a20870c46c55a577b1e28cff096885b469d4ee4f7c5,62,GStROTKOHL ,Rotkohl „Langedijker Lager 2“,"10",2,4.00,Freiland,"40 x 50 cm"
3,C,0xfb41349019a6055e36a2a274fede3596de4f06909f13b75b08384cef8cd34bc8,63,GMiSALAT ,"Salat, Eissalat „Laibacher Eis“","2x 6",1,4.50,Freiland,"30 x 30 cm"
3,C,0xff5b61af96cd78c46475ac18f80ea345a596e61882b0b5f640de9d164033b7ab,64,GMiSALAT ,"Salat, Eissalat „ Rossia“","2x 6",1,4.50,Freiland,"30 x 30 cm"
3,C,0x64b0814bfe9d9ef1ade74f9bb2986909206bc7c579c6019c07f4e5c8dc0adace,65,GMiSALAT ,"Salat, Schnittsalat „Red Velvet“","6",2,4.50,Freiland,"30 x 30 cm"
3,C,0x299f3f5a26d117e91161b81f9d3693f4b76fb51ce391e193c423563a0ff9ee76,66,GMiSALAT ,"Salat, Römersalat „Teufelsohren“","10",2,3.00,Freiland,"30 x 30 cm"
3,C,0x78e0b11439aa0184f0849763719f445c3638aaa2bf7e687cd42e5592a142ee67,67,GMiSALAT ,"Salat, Radicchio „Palla Rossa“","10",2,3.50,Freiland / Gewächshaus,"30 x 30 cm"
3,C,0x153de7abbfe9003befece7ac3198d3cf6a6f093ebcfa79968ba4927cef40836d,68,GMiSALAT ,"Salat, Asiasalatmischung „Oriental Mix“","1m",1,6.00,Freiland / Gewächshaus,"15 x 3 cm"
3,C,0x356aa104a2cec5ffebb065f1bfa8d4fd62c30ee91fbd30f2ec46782fed3b5876,69,GScSALAT ,"Salat, Feldsalat „Kölner Palm“","2m",1,2.00,Freiland,"15 x 2 cm"
3,C,0x220c9b4b480e5950e85420469c3920c9710fb3dced3304dc5a2db89f3433cee6,70,GScSALAT ,"Salat, Feldsalat „Elan“","2m",1,8.00,Gewächshaus,"15 x 1 cm"
3,C,0x550ae427d797f6300d8bfa96203417314941ad8b5130d0e537a125454e3686f1,71,GScSALAT ,"Salat, Postelein","2m",1,4.00,Gewächshaus,"10 x 2 cm"
3,C,0xdd6a65d814da9277ee1f785944e2c946fc5b439ab057036d6cc5c83c4bd4bf3c,72,GScSALAT ,"Salat, Wilde Rauke","2m",1,2.00,Freiland,"20 x 2 cm"
3,C,0x730e7c11efc37be801e649d632822c7939c14c1566ec8c94d09c7ec07550343e,73,GScSALAT ,"Salat, Salatrauke","2m",1,3.00,Freiland,"25 x 2 cm"
3,C,0x8599695aaef4ffcee4dcc8ac31a237010a5911d6cdf17c1970388790c6df8a90,74,GStSELLERIE ,"Sellerie, Knollensellerie ""Ibis""","6",2,3.00,Freiland,"40 x 40 cm"
3,C,0xcf4a1fa169441d25053bfdd3b4153f7b2efa24369f672369220fc61dfb40807e,75,GStSELLERIE ,"Sellerie, Knollensellerie ""Monarch""","6",2,7.00,Freiland,"40 x 40 cm"
3,C,0x36d48804f25ebbd3f0cb3d05a567c5ac012d996c4ac4c456e8ff64df2dc8bf38,76,GStSELLERIE ,"Sellerie, Stangensellerie ""Tall Utah“","1m",1,4.00,Freiland,"40 x 40 cm"
3,C,0x4209c9e53e4ca0575587dc33fa4791b0473649cc2b22573a1f912b5abf9db85f,77,GStSELLERIE ,"Sellerie, Stangensellerie ""Roter Stiel“","1m",1,2.00,Freiland,"35 x 30 cm"
3,C,0x75b55e6aabec467d15b0b2abd7da6411e7321ab9100b485578e73f06d4089fd1,78,GMiSPINAT ,Spinat „Butterfly“,Einstreuer,1,2.00,Freiland,"20 x 5 cm"
3,C,0x5d68604a57c85e1ee6877a9fa06ff520ea352ef00ade38fc026827814296dfa3,79,GMiSPINAT ,Spinat „Matador“,Einstreuer,1,1.50,Freiland,"30 x 3 cm"
3,C,0x3188587f88a416129116001cf16b4998a45a48d5775e4f4e75f0f890a1d05a0f,80,GMiSCHWARZWURZEL ,Schwarzwurzel „Hoffmanns schwarze Pfahl“,"4m",1,4.00,Freiland,"30 x 5 cm"
3,C,0xe397324eb63db9a282862fc5b2827d1af1845d343c774a4947ea23f763f15009,81,GStTOMATE ,"Tomate, Cocktailtomate „Black Cherry“","3",2,2.00,Gewächshaus,"3-4 Pfl / qm"
3,C,0x22d0a6b232bae33e2e2865161ba5a035776b24401b132f41781834fc23553d82,82,GStTOMATE ,"Tomate, Cocktailtomate „Vesennij Mieurinskij“","3",2,5.00,Gewächshaus,"3-4 Pfl / qm"
3,C,0x68beb62e2f1f544c4a052a0b4e347b0cc1fd87d13a04c2d3a1c1734d531dd259,83,GStTOMATE ,"Tomate, Cocktailtomate „Kleine Gelbe aus Estland“","1",2,0.80,Gewächshaus,"3-4 Pfl / qm"
3,C,0x9bec6ae39ddb228770415660e7638203eb9dda92cbd2156e2bccd334ad0d5589,84,GStTOMATE ,"Tomate, Fleischtomate „Schwarze Russische“","3",2,0.75,Gewächshaus,"3-4 Pfl / qm"
3,C,0xcc0564b70e9e28ae506de8651e041ca0b7d8729e7f879fbde15a262562597b32,85,GStTOMATE ,"Tomate, Fleischtomate „Marmande“","3",2,1.00,Gewächshaus,"3-4 Pfl / qm"
3,C,0x4b038ef7b505e9fc738c7c2df8108c1755a949e5e1bbe54bb53e4b71621fb092,86,GStTOMATE ,"Tomate, Fleischtomate „Riesentomate Ananas“","3",2,0.50,Gewächshaus,"3-4 Pfl / qm"
3,C,0xfb9ae2372a9730fd7e03fe070b07c826663d81c46a17f2870132450c6653f997,87,GStTOMATE ,"Tomate, Fleischtomate „Liguria“","1",2,0.50,Gewächshaus,"3-4 Pfl / qm"
3,C,0xe8463de0921d97ed8d23dc4fb9ea284be8a9e98ec1f6995d69b29a9206f4d530,88,GStTOMATE ,"Tomate, Fleischtomate „Tschernij Prinz“","2",2,0.50,Gewächshaus,"3-4 Pfl / qm"
3,C,0xda6f68248d2051c00f63d35d2f48eaea33bf342a6c3456e1ae318d1ac2707352,89,GStTOMATE ,"Tomate, Fleischtomate „Berner Rose“","1",2,0.80,Gewächshaus,"3-4 Pfl / qm"
3,C,0x93908c4a635fbc64569922eee59ba06e0816e7886ecda2a346a781422056a40f,90,GStTOMATE ,"Tomate, Fleischtomate „Paprikaförmige“","5",2,1.00,Freiland / Gewächshaus,"80 x 80 cm"
3,C,0xe0c9f4fa87ce1723a4d642c7b44c9d18e0eed58168524c4f7d0016193de123df,91,GStTOMATE ,"Tomate, Salattomate „Friesje“","2",2,1.20,Gewächshaus,"3-4 Pfl / qm"
3,C,0x11bb16f8aede44a7397f3490df01c1504dcf8a2b0f58272e4bef320838ff8f22,92,GStTOMATE ,"Tomate, Salattomate „Anamar“","2",2,2.40,Freiland,"80 x 80 cm"
3,C,0x74d098798627a49f93d1c34898fb246db119801feb30518c224eee38263efc9f,93,GStTOMATE ,"Tomate, Cocktailtomate „Celsior“","2",2,2.30,Freiland,"80 x 80 cm"
3,C,0x4b8fdf425e2afd62a02aaf5e064cd2397f82df0a6fe9d0defc6257e4457047b0,94,GStTOMATE ,"Tomate, Wildtomate „Schmucktomate“","1",2,4.00,Freiland,"80 x 80 cm"
3,C,0x27bf320d17f037d90929b83d5e1b8b36fbfed729b76cee51153f40435c3a5471,95,GStTOMATE ,"Tomate, Wildtomate „Rote Murmel“","1",2,2.00,Freiland,"0 x 100 cm"
3,C,0xd23ac801549c90fb7af484cd63d32e260e1be58bd4ec467e6894b731e3381795,96,GStTOMATE ,"Tomate, Wildtomate „Golden Currant“","1",2,8.00,Freiland,"0 x 100 cm"
3,C,0x5181e39fff3d887ecca5a6521f0a784af86115a27bc5b4df7eec27cbf5e30bbd,97,GStTOMATE ,"Tomate, Cocktailtomate „Yellow Submarine“","2",2,9.00,Freiland,"00 x 50 cm"
3,C,0x0a9d4acbcf21b97feeab39e238041d267f5f963a39b34c3d4693c05bd135f624,98,GStTOMATE ,"Tomate, Cocktailtomate „Sibirisches Birnchen“","2",2,4.50,Freiland,"80 x 80 cm"
3,C,0xf33aee6d6518c8ec14b4d52a4525dcfdb64705c32f55a5c8720fecc499db6b3e,99,GStWEIßKOHL ,Weißkohl „Ruhm von Enkhuizen 2“,"10",2,3.80,Freiland,"50 x 50 cm"
3,C,0x185f76321d91ae03b5e90d98d1cf48948d9320e279152edce06bdd84561dc0d2,100,GStWIRSING ,Wirsing „Violaceo di Verona“,"6",2,5.60,Freiland,"50 x 40 cm"
3,C,0xc5e94d192b333d3145fcf36a3fec3db8fc2a8b6bbfb1d041991b03b54cd17b2b,101,GStZUCCHINI ,Zucchini „Cocozelle von Tripolis“,"2",2,2.00,Freiland,"00 x 80 cm"
3,C,0x3787cb17a5b33d11b0a98a28ae78245c598b72943863a23e4db3c91a7c3fa195,102,GStZUCCHINI ,Zucchini „Costates Romanesco“,"2",2,4.00,Freiland,"00 x 80 cm"
3,C,0x78fdb71e357c3e0fb349fe82a244de0026a85f1be37d7f4a16a4b8b84a533320,103,GStZUCKERMAIS ,Zuckermais „Golden Bantam“,"20",1,5.00,Freiland,"50 x 20 cm"
3,C,0xa9f64ebea046c76782c5d5c6e2262f3de78e04e5799fd391ca07029859873f07,104,KScBASILIKUM ,"Basilikum, Thai-Basilikum","6",3,5.00,Freiland / Gewächshaus,"25 x 25 cm"
3,C,0xd21c7d5223a0a854323ac776505a77324362385e5ecd3f0c7ff41b60aaee46f3,105,KScBASILIKUM ,"Basilikum, Buschbasilikum","4",3,5.00,Freiland / Gewächshaus,"25 x 25 cm"
3,C,0xade82c5307e73a16674c1c51b09c93261db27a060b7d7b147382067e90fbaa9a,106,KScBASILIKUM ,"Basilikum, Strauchbasilikum großblättrig","6",3,7.00,Freiland / Gewächshaus,"25 x 25 cm"
3,C,0x560f76d219dc7c79101fd674f3e5bd60ec70b8063017ea025239403911cf7c50,107,KScBASILIKUM ,"Basilikum, Strauchbasilikum rotblättrig","6",3,8.00,Freiland / Gewächshaus,"25 x 25 cm"
3,C,0x857038d300269601ddbdad2f21e9909a558731d61357cc982d2ef6d2e9bdd35c,108,KScBRUNNENKRESSE,Brunnenkresse,"6",1,8.00,Freiland / Container,"30 x 10 cm"
3,C,0x92a7a16d8694f931d8613453e78f3c78e09c58920f1252d1d1f8c18312b873f5,109,KScDILL ,"Dill ""Tetra""","2x 10",3,3.00,Freiland,"30 x 10 cm"
3,C,0x783805c36287743b6740a137daa3f3b42e155cc0a98c5ad437b551e7ae171133,110,KScKORIANDER,Koriander,"3x 8",3,0.50,Freiland,"30 x 10 cm"
3,C,0xd4681995ab7b725775fc2ce9b2db445f0bbfdebb20e7503dcd1a47d560b513d3,111,KScKNOBLAUCHSRAUKE,Knoblauchsrauke,"3",3,8.00,Freiland,"20 x 5 cm"
3,C,0x210d9d45adfa71a6d63156f9998c717adc71e940ba47eed5184c7786751e0e3f,112,KScLAUCH-HELLERKRAUT,Lauch-Hellerkraut,"3",3,4.00,Freiland,"15 x 5 cm"
3,C,0xe351decc532952621b356a3364dbe46a2fcaa990d1d37469b995c62d92b03807,113,KMiPETERSILIE ,Petersilie ‚Einfacher Schnitt‘,"8",3,4.50,Freiland,"25 x 5 cm"
3,C,0x39e1446f6391174f73a94fb49e412f7679f8c745e4302601a0570aa6fb3d3973,114,PStKARTOFFEL ,"Kartoffel, Anuschka (sehr früh, festkochend)","2,5 kg",1,4.50,Kartoffelbeet,"30 x 60 cm"
3,C,0x2edf0b4ff5780cd87b8d6dcabf52643bb9f2c6e09ece6128036801bf727d7ba7,115,PStKARTOFFEL ,"Kartoffel, Ditta (mittelfrüh, festkochend)","2,5 kg",1,4.50,Kartoffelbeet,"35 x 70 cm"
3,C,0xf968b42659b406f9e97f75acc431e9a30cb314a9a960003a676dfc4d4d9ac3b2,116,PStKARTOFFEL ,"Kartoffel, Setanta (mittelfrüh, mehlig)","2 kg",1,3.00,Kartoffelbeet,"35 x 70 cm"
3,C,0xd1a68aff011dc6e38ea2c05b3b73932ca1476a46a89218ef433fd9c86bfd5e36,117,PStKARTOFFEL ,"Kartoffel, Arran Victory (sehr spät, mehlig)","1 kg",1,3.50,Kartoffelbeet,"35 x 70 cm"
3,C,0x046e9f296508ae2e499097035545d748012571db1f07914cf0bbb253bb536ff7,118,PStKARTOFFEL ,"Kartoffel, Rosa Tannenzapfen (sehr spät, festkochend)","2 kg",1,6.00,Kartoffelbeet,"35 x 70 cm"
3,C,0x2b6524659c88f17b9ef22b470976bb5e86361ea8099d95c09f90d2a223c4750f,119,PMiKNOBLAUCH ,"Knoblauch „Morado""","200 g",2,2.00,Freiland,"30 x 15 cm"
3,C,0x062de2cbaf7a69e1a39699793878d52ff662f042cdde2a3ed82c49504bb5b987,120,PMiKNOLLIGER ,Knolliger Sauerklee „Oca“,"10",1,8.00,Freiland,"40 x 40 cm"
3,C,0xbd08bae6e5e6e9f40ffab772db778c06c8374f20bca7b5e004ec40dc1e5c1eb2,121,PMiSCHALOTTE ,"Schalotte, Steckzwiebel Gourmet Schalotte „Longor""","250g",1,4.00,Freiland,"30 x 15 cm"
3,C,0x8206d9d69a569ebf3920f5b2558c6a0fc3083649f673c6ae63103722e5d5aaba,122,PStSÜßKARTOFFEL ,"Süßkartoffel ""Erato® Orange“","4",1,2.00,Freiland,"40 x 30 cm"
3,C,0xafff39c31babe97894cc9a8c7ff5a309404dbf0392a724c8d05c5bfb7751007f,123,PStSÜßKARTOFFEL ,"Süßkartoffel „Beauregard""","4",1,3.00,Freiland,"40 x 30 cm"
3,C,0xff3ecbe477b5d24b53580930daec171c8f8c7f149f1c16755f3eefe925478efa,124,PScTOPINAMBUR ,"Topinambur ""Violet de Rennes“","12",1,3.00,Freiland,"60 x 40 cm"
3,C,0x796a996a2b76311fdb426f4674f89866624dd162e1417aa559afc35669f09ef4,125,PMiZWIEBEL ,"Zwiebel, Steckzwiebel ""Red Baron“","250g",1,7.00,Freiland,"30 x 10 cm"
3,C,0xea205a7e77f6a8de770208d87d87586f19f90a1fff2ccbf83c242931bc8eb9a2,126,PMiZWIEBEL ,"Zwiebel, Steckzwiebel ""Sturon""","1kg",1,4.00,Freiland,"30 x 10 cm"
